Track Name,Artist,Album,Popularity,Duration (minutes)
Yathe Yathe,G. V. Prakash,Aadukalam (Original Motion Picture Soundtrack),67,5.739333333333334
Vaarayo Vaarayo,Harris Jayaraj,Aadhavan (Original Motion Picture Soundtrack),72,5.278
Maruvaarthai,Darbuka Siva,Enai Noki Paayum Thota (Original Motion Picture Soundtrack),67,5.9453
"Ennadi Maayavi Nee (From ""VadaChennai"")",Santhosh Narayanan,VadaChennai (Original Motion Picture Soundtrack),65,4.183333333333334
Aathangara Orathil,Harris Jayaraj,Yaan (Original Motion Picture Soundtrack),59,4.4111
Mukkala Mukkabla,Mano,Kaadhalan,44,5.3908
Bujji,Santhosh Narayanan,Jagame Thandhiram (Original Motion Picture Soundtrack),55,4.453383333333333
"Kannadi Poove (From ""Retro"")",Santhosh Narayanan,"Kannadi Poove (From ""Retro"")",68,4.350816666666667
"Pottala Muttaye - From ""Thalaivan Thalaivii""",Santhosh Narayanan,"Pottala Muttaye (From ""Thalaivan Thalaivii"")",73,3.7709166666666665
"Udhungada Sangu (From ""Velai Illa Pattadhaari"")",Anirudh Ravichander,Velai Illa Pattadhaari (Original Motion Picture Soundtrack),67,3.494
Kanave Kanave,Anirudh Ravichander,David,66,4.7464
